"Status","Start Time","Stop Time","Duration in ms","Parent Suite","Suite","Sub Suite","Test Class","Test Method","Name","Description"
"passed","Mon Feb 22 04:39:32 PST 2021","Mon Feb 22 04:39:36 PST 2021","4012","All Test Suite","ProjectTwo","tests.MainBlock","tests.MainBlock","executeProductShare","Sharing Unit","Emulating product sharing activity"
"passed","Mon Feb 22 04:51:32 PST 2021","Mon Feb 22 04:51:56 PST 2021","24239","All Test Suite","ProjectTwo","tests.MainBlock","tests.MainBlock","executeBuyingAction","Buying Unit #1","Buying activity example #1"
"passed","Mon Feb 22 04:51:56 PST 2021","Mon Feb 22 04:52:19 PST 2021","22675","All Test Suite","ProjectTwo","tests.MainBlock","tests.MainBlock","executeSecondaryBuyingAction","Buying Unit #2","Buying activity example #2"
"passed","Mon Feb 22 04:49:57 PST 2021","Mon Feb 22 04:50:01 PST 2021","3999","All Test Suite","ProjectTwo","tests.MainBlock","tests.MainBlock","executeProductShare","Sharing Unit","Emulating product sharing activity"
"passed","Mon Feb 22 04:50:59 PST 2021","Mon Feb 22 04:51:23 PST 2021","23743","All Test Suite","ProjectTwo","tests.MainBlock","tests.MainBlock","executeRegistration","Registration Unit","Registration & database insertion sequence."
"passed","Mon Feb 22 04:39:26 PST 2021","Mon Feb 22 04:39:32 PST 2021","5460","All Test Suite","ProjectTwo","tests.MainBlock","tests.MainBlock","executeProductShare","Sharing Unit","Emulating product sharing activity"
"passed","Mon Feb 22 04:51:23 PST 2021","Mon Feb 22 04:51:28 PST 2021","4573","All Test Suite","ProjectTwo","tests.MainBlock","tests.MainBlock","executeProductShare","Sharing Unit","Emulating product sharing activity"
"passed","Mon Feb 22 04:51:28 PST 2021","Mon Feb 22 04:51:32 PST 2021","4364","All Test Suite","ProjectTwo","tests.MainBlock","tests.MainBlock","executeProductShare","Sharing Unit","Emulating product sharing activity"
"passed","Mon Feb 22 04:35:27 PST 2021","Mon Feb 22 04:35:34 PST 2021","6819","All Test Suite","ProjectTwo","tests.MainBlock","tests.MainBlock","executeProductShare","Sharing Unit","Emulating product sharing activity"
"passed","Mon Feb 22 04:35:34 PST 2021","Mon Feb 22 04:35:39 PST 2021","4887","All Test Suite","ProjectTwo","tests.MainBlock","tests.MainBlock","executeProductShare","Sharing Unit","Emulating product sharing activity"
"passed","Mon Feb 22 04:42:29 PST 2021","Mon Feb 22 04:42:35 PST 2021","5742","All Test Suite","ProjectTwo","tests.MainBlock","tests.MainBlock","executeProductShare","Sharing Unit","Emulating product sharing activity"
"passed","Mon Feb 22 04:42:35 PST 2021","Mon Feb 22 04:42:39 PST 2021","4642","All Test Suite","ProjectTwo","tests.MainBlock","tests.MainBlock","executeProductShare","Sharing Unit","Emulating product sharing activity"
"passed","Mon Feb 22 04:49:51 PST 2021","Mon Feb 22 04:49:57 PST 2021","5269","All Test Suite","ProjectTwo","tests.MainBlock","tests.MainBlock","executeProductShare","Sharing Unit","Emulating product sharing activity"
